,platform_num,date,content
0,7,2020-12-02,25살 산업공학과 스펙 평가 부탁드립니다..!
1,7,2021-08-19,산업공학과에서 전공 이점 살릴수 있는 IT직무가 있을까요??
2,7,2020-07-07,문과대인데 산업공학과 복수전공
3,7,2021-12-23,산업공학과는 취업잘되요?
4,7,2021-01-18,산업공학과는 어디로 가야할까요
5,7,2020-06-03,산업공학과
6,7,2020-03-25,인서울 중하위권 산업공학과 진로 고민입니다..
7,7,2021-01-06,24남 산업공학과 스마트팩토리로 가고 싶어요!
8,7,2019-05-15,지방 산업공학과
9,7,2019-08-19,산업공학과 물류
10,7,2020-12-02,"📍다른 회원의 게시글에 무분별한 비난 댓글 작성시  예고없이 무기한 활동정지 또는 강퇴될 수 있습니다.  　  💌취업전문가와 함께하는 2022 독취사 고민상담소  사연 접수하기▶ https://bit.ly/3FRpKHP... 더보기








👔 현재 나의 스펙은?​- 학교/전공/학점 : 지방국립대(분캠입니다..) / 산업공학과- 어학점수 : TOEIC 820 / TOEIC SPEAKING 130(LV6)- 자격증 :​품질경영기사​사무자동화산업기사​ERP정보관리사 생산 2급​ERP정보관리사 물류 2급​6시그마(GB)​한국사 2급​정보처리기사 ( 필기 합 )​산업안전산업기사 ( 필기 합 )​​스마트팩토리 소프트웨어 국비지원교육 수강중- 경력사항(알바,인턴 등) : 단기 공장 아르바이트- 대외활동/공모전 : X- 수상경력 : X- 기타사항 :​ISO 22000​통계 관련 실험실​스마트팩토리 소프트웨어 국비지원교육 수강중​- 추가 계획 : 한국사 1급 취득 및 NCS 공부​​👔 입사 희망 회사/부서/직무 (하나만 선택해도 OK)한국조폐공사/생산/생산관리​👔 취업카페 회원수 1위, 독취사 회원님들에게 받고 싶은 조언은?예시) 1. 무엇을 더 준비해야 할까요? 2. 어디로 취업해야 할 지 모르겠어요.​지금은 공기업을 목표로 하지만 제약/바이오 생관/품관도 생각하고 있기에 무엇을 더 취득해야 될지 모르겠습니다..!!​📣 독취사에 남긴 게시글에 관한 저작권 등의 모든 권리는 작성자와 독취사에 있으며,독취사는 게시글을 활용하여 자료 제작 등에 활용할 수 있습니다. ​또한 본 게시글의 무단 도용 및 복제를 엄격히 금지하고 있으며,이를 위반하는 경우 저작권법 등 관련 법률에 따라 법적 제재를 받을 수 있습니다."
11,7,2021-08-19,"​



 



 








​안녕하세요. 지거국 산업공학과 재학중인 3학년 학생입니다. 학교에서 빅데이터 연계전공이라고 컴퓨터공학과 수업을 들을 수 있는 기회가있어서, 산업공학과 전공의 이점을 살리는 IT 직무를 찾고있습니다.​데이터 분석쪽은 석사이상을 많이뽑는다고하고,백엔드, 프론트엔드 개발자 쪽은 전공상관없이 실력만 있으면 된다고하고,DBA는 경력이 필요해서 신입으로 하기 어렵다고 하는 정보를 대략 찾았습니다.​저는 학사에서 취직을 하고 싶은데, 제가 못찾은 직무중에서 산업공학과 학사를 이점으로 인정해주는 곳이 있을까 싶어 여쭤봅니다. ​🔥 꼭 봐야할 이번주 독취사 인기글 🔥 ​📍 대기업 취업 확실하게 준비하는 방법 ▶ https://bit.ly/2VOXvrb* 1년 동안 5천만원 모은 방법(feat. 사회초년생) ▶ https://bit.ly/3AQc2lh​﻿* ★하반기 공채 완벽 대비★ 필독사항 모음.zip ▶ https://bit.ly/3AOXN0a​​📍 기업별 인적성교재 한 눈에 보기☞ ▶ https://bit.ly/3m51yHN​* 100% 무료! 독취사 취업 온라인 스터디 ☞ ▶ https://bit.ly/3uDdPHL​* 합격까지 취업인강 0원 무제한 수강 ☞ ▶ https://bit.ly/372Tcuz​​*본 컨텐츠의 저작권은 독취사에 있습니다. 무단복제, 재가공, 도용은 저작권 침해로 법적 책임을 물을 수 있습니다."
12,7,2020-07-07,문과대입니다 정확히 말하면 사범대에요ㅠ그리고 여자인데요.취업때문에 산업공학과를 복수전공하려고합니다.보통 산공은 품질 생산관리 쪽으로 가기 어렵지 않다 해서그쪽으로 생각하고 검색을 하고다녔는데문과가 복수전공한거면주전공인 산업공학과한테 밀려서아무 경쟁력이 없다는 말을 보았어요ㅠ 정말인가요? ㅠㅠ취업이가능하다면 어떤직무로가야할까요?그냥 경제같은 상경계열을 다전공하는게 나을까요.
13,7,2021-12-23,"어느직무로 가는지ᆢ학겨에따라 대겹취업확률이 높나요?​산업시스텀공학과는 머고산업공학과는 머가 틀려용?​🔥 꼭 봐야할 이번주 독취사 인기글 🔥 ​📍 대기업 취업 확실하게 준비하는 방법 ▶ https://bit.ly/2VOXvrb​* 야근 안 한다고 퇴사권유 받은 썰☞ ▶ https://bit.ly/3yMG2il​﻿* 2021 결산 대기업 최종합격후기 ★ ▶ https://bit.ly/3eg88Jp​​📍 기업별 인적성교재 한 눈에 보기☞ ▶ https://bit.ly/3m51yHN​* 100% 무료! 독취사 취업 온라인 스터디 ☞ ▶ https://bit.ly/3uDdPHL​* 합격까지 취업인강 0원 무제한 수강 ☞ ▶ https://bit.ly/372Tcuz​​*본 컨텐츠의 저작권은 독취사에 있습니다. 무단복제, 재가공, 도용은 저작권 침해로 법적 책임을 물을 수 있습니다."
14,7,2021-01-18,"​산업공학과 다니고있는데 아직도 진로를 못정하겠어요 ㅠㅠ코딩은 어려워서 포기하고그나마 생산관리가 나은가 싶은데 이마저도 확실한 느낌은 안드네요.보통 어디로 가나요?​​​​​​🔥 꼭 봐야할 이번주 독취사 인기글 🔥 ​* 대기업 취업 확실하게 준비하는 방법 ▶ https://bit.ly/2XrufUy​* 일자리가 씨가 마른 이유 ▶ https://bit.ly/3nESZ6L​* 50회 한능검 후기 모음.zip ▶ http://bit.ly/35yV7GX​* 자소서/면접 가이드북 10종 무료배포 ☞ ▶ https://bit.ly/3mjELHY​* 기업별 인적성교재 한 눈에 보기☞ ▶ https://bit.ly/3m51yHN​​*본 컨텐츠의 저작권은 독취사에 있습니다. 무단복제, 재가공, 도용은 저작권 침해로 법적 책임을 물을 수 있습니다."
15,7,2020-06-03,"산업공학과님들 직무 어디로 준비하고 계신가요??? 아직도 저는 모르겠네요. 그나마 생각하고 있는 거는 기획, SCM, 생산&품질 인데품질같은 경우는 대학생때도 못했던 분야인데 이걸로 취업을 해도 되는지 모르겠네요★5/30 GSAT 합격전략&후기모음 NCS 모듈형 완벽 대비하는 방법 대기업 재직자가 취준생에게 드리는 조언 기업별 인적성교재 총정리 10초면 끝나는 독취사 초고속 등업 위의 글들은 독취사 스텝/회원님들이 써주신 소중한 자료입니다.게시글의 저작권은 작성자와 독취사에 있으며, 독취사에서 제작하는 자료 등에 활용될 수 있습니다.무단 복제, 가공 및 도용은 저작권 침해로 법적 책임을 물을 수 있습니다."
16,7,2020-03-25,"안녕하세요!인서울 중하위권 산업공학과 2학년 끝내고 전역 1년남은 현역 군인입니다. 입시때 산공 지원할때는 경영컨설턴트 보고 지원했습니다. 수시 면접때도 어떠한 문제점에 대해 분석하고 해결책을 제시해서 남들한테 발표하고 내 생각을 이야기하는 것을 좋아한다고, 이런식으로 얘기해서 붙었습니다. 실제로도 프리젠테이션 같은거 좋아하기도 하고요. 그런데 막상 찾아보니 컨설팅 회사는 외국계가 많고, 인서울 중하위권으로는 어려우며, 컨설턴트를 준비한다 해도 학부생 수준에서 어떠한 스펙을 준비해야할지 모르겠습니다.그래서 현재 네이버 유튜브 카페 책 등등 많이 찾아보던 중에 OR쪽으로 가는게 제 적성에 맞다는 생각이 들었습니다. 그런데 찾아보니 학부생으로 (대학원은 갈 생각 아직은 없습니다,,) OR은 어렵다고 하는 것 같더군요. 그래서 남들 많이 가는 뭐 생산관리, 품질관리나 it 등으로 눈을 돌리고 있는데 그나마 눈을 끄는 것은 it인것 같아요. 물론 아직 얇디 얄팍한 지식이지만 아직 복학까지 1년정도 남았으니 it쪽부터 알아보고 준비해보려고 합니다. 1. 저처럼 산업공학과 전공 학부생이 it쪽을 준비한 경우가 그냥 컴공을 준비한 학생들보다 it쪽 지식이 훨씬 부족할 것이라고 예상됩니다. 어떤 식으로 공부를 해 나가야 컴공과 학생들과는 다른 스펙을 만들 수 있을까요?2. 산공 진로 중 한 부분이 데이터를 활용한 부분이라고 들었습니다. it와 밀접한 관련이 있는 것 같은데 산업공학과 입장에서 비슷한 개념이라고 봐도 될까요?3. 2학년때 전공수업으로 java를 배웠는데 인강보고 유튜브 보고 맨날 수업에서도 제일 늦게가며 조교들한테 질문해가며 겨우겨우 A0맞았습니다. 이때 솔직히 코딩 재밌기는 한데 뭔가 내가 창의적인 아이디어가 부족하구나, 이런 생각이 들었습니다.  이런 제가 it쪽을 준비해도 될까요,,,,?4. 학교에서 연계전공으로 프로그래밍쪽을 신청할 수 있는 것으로 알고 있습니다. (자세히 알아봐야 하는 부분이지만) 그냥 제 개인적으로 자격증 준비하는 것처럼 C java R 파이썬 등을 공부하는 게 좋을까요 아니면 복학해서 본격적으로 학교 수업에서도 공부하는 게 좋을까요?5. 아니면 그냥 군생활중에는 닥치고 토익 한국사 이런거나 준비할까요.. 제2외국어도 일본어 or 중국어 중 고민중이긴 합니다. 개인적으로 일본어는 예전에 일본어 선생님이었던 저희 엄마 덕으로 조금 합니다. (JLPT같은 자격증은 아직 없음) 2학년때까지는 남들 다 듣는거 듣고 있었는데 대외활동도 없고 자격증이라고는 초딩때 딴 워드1급과 작년에 딴 컴활1급, 제작년에 토익 850, 학점 3.96(그나마 이게 다행이라고 생각합니다) 밖에 없네요,,산업공학과 과 소개나 전공이 지향하는 목표를 봤을 때 제 성향과는 잘 맞는다고 생각했는데 취업생각하니 쉽지가 않은 것 같습니다. 현실적인 조언 부탁드립니다. ㅜ 감사합니다.주요 대기업 ""비대면 면접 진행"" GSAT 5월 진행 전망 학벌 생각보다 안보는 것 같습니다. 기업별 인적성교재 총정리 10초면 끝나는 독취사 초고속 등업 위의 글들은 독취사 스텝/회원님들이 써주신 소중한 자료입니다.게시글의 저작권은 작성자와 독취사에 있으며, 독취사에서 제작하는 자료 등에 활용될 수 있습니다.무단 복제, 가공 및 도용은 저작권 침해로 법적 책임을 물을 수 있습니다."
17,7,2021-01-06,"📍다른 회원의 게시글에 무분별한 비난 댓글 작성시  예고없이 무기한 활동정지 또는 강퇴될 수 있습니다.  　  💌취업전문가와 함께하는 2022 독취사 고민상담소  사연 접수하기▶ https://bit.ly/3FRpKHP... 더보기








👔 현재 나의 스펙은?​- 학교/전공/학점 :부산대학교 / 산업공학과 / 4.1- 어학점수 : 토익 900(취업때 다시 따야합니다.)- 자격증 : 컴활1급 , 한국사 2급- 경력사항(알바,인턴 등) : 알바 한 4개 했습니다.- 대외활동/공모전 : 아직 안 했습니다,- 수상경력 : 부끄럽지만 아직 없습니다. - 기타사항 : - 추가 계획 : 아직 자격이 충족안되서 기사 자격증을 못 따지만 딸 예정이고 사조사 2급도 생각중입니다.학교에서 빅데이터 연계전공을 듣고 있습니다.​​​👔 입사 희망 회사/부서/직무 (하나만 선택해도 OK)스마트팩토리 관련 부서와 회사로 가고 싶습니다.희망하는 부서는 반도체 혹은 데이터 분석입니다.​​👔 취업카페 회원수 1위, 독취사 회원님들에게 받고 싶은 조언은?예시) 1. 무엇을 더 준비해야 할까요? 2. 어디로 취업해야 할 지 모르겠어요.​방학이 한 달 정도 남았고 그 때동안 무엇을 할지 고민입니다.이제 3학년 올라가는데 대외활동과 공모전 그리고 동아리를 할껀데 어느 대외활동과 공모전을 해야할까요?​​📣 독취사에 남긴 게시글에 관한 저작권 등의 모든 권리는 작성자와 독취사에 있으며,독취사는 게시글을 활용하여 자료 제작 등에 활용할 수 있습니다. ​또한 본 게시글의 무단 도용 및 복제를 엄격히 금지하고 있으며,이를 위반하는 경우 저작권법 등 관련 법률에 따라 법적 제재를 받을 수 있습니다."
18,7,2019-05-15,제목 그대로 지방 산업공학과인데 점점 취준할때마다 산공을 보는 직무가 생각보다 없어서우울해지네요 그래도 찾아보면 취뽀할 수 있겠죠? ㅎ
19,7,2019-08-19,산업공학과 출신인데 물류 쪽으로 많이 진출하나요? 그리고 품질경영기사가 도움이 될까요..?
20,7,2020-12-02,"{'reply': '자격증은 충분한것같고 영어만 조금 더 올리시면 될듯합니다 토스 LV7이나 오픽 IH 목표로', 'thread': '1-0'}"
21,7,2020-12-02,"{'reply': '공기업 어디로 목표하시나요', 'thread': '2-0'}"
22,7,2020-12-02,"{'reply': '위에 써놯습니다.. 조폐 ㅠㅠ', 'thread': '2-1'}"
23,7,2020-12-02,"{'reply': '안녕하세요 산업공학과 학생입니다.혹시 조폐공사말고 준비하는 다른 공기업 있나요?산업공학과가 갈만한 공기업 찾기가 힘드네요', 'thread': '3-0'}"
24,7,2020-12-02,"{'reply': '안전쪽은 안전공학이 수월해서 포기했고 ..;가실려면.. 사무나 경영지원 쪽으로 가시거나 다른 기사 하나 더 따셔서 전기 기계 화공으로 가는 방법이 있습니다', 'thread': '3-1'}"
25,7,2020-12-02,"{'reply': '장코너후자가 쉽지않을테니 사기업을 노리는게 낫군요ㅠㅠ', 'thread': '3-2'}"
26,7,2020-12-02,"{'reply': '안녕하세요!! 저도 같은 산업공학과를 전공하고 있는 학생입니다!제가 스마트팩토리 소프트웨어 국비지원교육에 관심을 가지고 있는데, 주변에는 경험자가 없어서현재 이수중이라는 얘기를 보고 댓글을 남기게 되었습니다!혹시 교육에 대한 질이나 만족도가 괜찮으셨는지 알 수 있을까요?또, 교육을 이수했다는 증명이 가능하여 취업이 활용 가능한지 여쭤봐도 될까요?  올리신 글과 관련한 내용이 아닌 질문을 드려 죄송합니다ㅠㅠ', 'thread': '4-0'}"
27,7,2020-12-02,"{'reply': 'Sap보다는 mes관련 교육으로 들으세요SAP은 IT분야가 더 가깝습니다', 'thread': '5-0'}"
28,7,2020-12-02,"{'reply': '조언 감사합니다!! 참고하겠습니다Mes관련 교육을 더 알아봐야겠어요!!', 'thread': '5-1'}"
29,7,2020-12-02,"{'reply': '산공과 졸업 후\n조폐공사 다니고 있습니다.\n\n지금정도면 매우충분해요\nncs공부만 하면될듯 합니다', 'thread': '6-0'}"
30,7,2020-12-02,"{'reply': '한국사만 좀 있으면 좋겠네용', 'thread': '6-1'}"
31,7,2020-12-02,"{'reply': '넹넹넹네네혹시 직무가 어디신지 알수 있을까요?? 정말 궁금합니다.. ㅠㅠㅠ', 'thread': '6-2'}"
32,7,2020-12-02,"{'reply': '장코너행정기술이요', 'thread': '6-3'}"
33,7,2020-12-02,"{'reply': '넹넹넹네네제가 정말 조폐공사에 대해 관심이 많아서 그러는데 오픈카톡으로 연락가능할까요?? 궁금한 것들좀 물어보고 싶습니다..', 'thread': '6-4'}"
34,7,2020-12-02,"{'reply': '장코너네\nhttps://open.kakao.com/o/gNmI3EOc', 'thread': '6-5'}"
35,7,2021-08-19,"{'reply': 'it는 산공을 거의 전공자로 보기 때문에 딱히 이점 가질 직무가 없습니다. 특정 전공에 이점을 준다면 컴공은 더 큰 이점을 가져갈 거고 그리 좋은 곳은 아닐겁니다', 'thread': '1-0'}"
36,7,2021-08-19,"{'reply': '그렇군요 답변 감사합니다', 'thread': '1-1'}"
37,7,2020-07-07,"{'reply': '경제다전공은 어떨까요..?', 'thread': '1-1'}"
38,7,2020-07-07,"{'reply': '산공괜찮을듯', 'thread': '2-0'}"
39,7,2020-07-07,"{'reply': '비슷한 말이구여 산업공학과 진출 분야는 많습니다. IT , 기계 , 전자 . 전기 .. 안 필요한데가 없습니다.', 'thread': '1-0'}"
40,7,2021-12-23,"{'reply': '개발🈷️', 'thread': '1-0'}"
41,7,2021-01-18,"{'reply': '어떤 개발이요?', 'thread': '1-1'}"
42,7,2021-01-18,"{'reply': '산공 전공자도 개발쪽 많이 가나요?', 'thread': '1-2'}"
43,7,2021-01-18,"{'reply': '말씀하신곳과 IT쪽으로 많이가죠. 다만 생관, 품질쪽으로 가려면 대부분 지방으로 가야한단걸 고려하세요. 그게 싫으시면 IT쪽 파시는걸 추천합니다. 은행쪽도 괜찮고요.', 'thread': '1-0'}"
44,7,2020-06-03,"{'reply': '전 SCM으로 왔습니다', 'thread': '2-0'}"
45,7,2020-06-03,"{'reply': 'scm관련해서도 흥미가 있는데 직무자체가 감소한다고 들어서 고민이 되네요 현직자의 입장에서 보실때 아직 도전할만 한가요 ?', 'thread': '2-1'}"
46,7,2020-06-03,"{'reply': 'bart13세저는 제조업쪽 SCM팀에서 근무 중입니다. 제 생각에는 줄어들지는 않을거같습니다. 데이터분석쪽으로도 준비를 하셔서 오시면 충분한 경쟁력을 얻을 수 있을거같습니다', 'thread': '2-2'}"
47,7,2020-06-03,"{'reply': '쪽지로 몇가지 여쭤볼 수 있을까요!', 'thread': '2-3'}"
48,7,2020-06-03,"{'reply': '핑구넵', 'thread': '2-4'}"
49,7,2020-06-03,"{'reply': 'MovingWook감사합니다..! 쪽지 드렸습니다', 'thread': '2-5'}"
50,7,2020-06-03,"{'reply': '1. 구글링 열심히 해서 독학하시면 됩니다.. 이외에는 공모전 해커톤 입상등이 있겠네요. 저라면 현실적으로 독학해서 이것저것 만들어보는거 추천드립니다.\n2. 수업 내용을 모르는이상 뭐라 답을 못드리겠네요\n3. 창의적인 아이디어는 크게 중요하지 않습니다. 창업 할거 아니면요. 주어진 업무?에 관해 빠르고 효율적이고 예쁘게 잘 짤수 있는지가 중요한것 같습니다.\n4. 개인적으로 공부도 하고 학교 수업도 같이 들으면 학점도 잘받고 이중으로 좋겠죠. 왜 독학도 하실거면서 수업은 안들으려고 하시나요??\n5. 토익은 4학년때 하는게 좋습니다.(기간 때문에) 한국사는 공기업 갈거 아니면 안해도 됩니다. 제2외국어도 마케팅 영업 이런거 아니면 필요없을것같아요..(또는 일본취업하실거 아니면 굳이 일본어도 필요없을듯) 영어 하나 잘 하시는게 더 이득입니다. \n\n\n일단 가장 먼저 해야할 일은 뭘 할지부터 정하시는게 최우선입니다.\n프로그래밍이 맞는지 안맞는지, 개발이 하기 싫으면 그냥 애초에 공기업 준비하시는게 답이고요. 개발이 맞으면 분야를 더 세분화해서 어떤게 나랑 맞을지 이것저것 공부하면서 알아보세요. 개발이 아니라 유통이다!싶으시면 개발은 차라리 아예 포기하시는게 좋고요.', 'thread': '1-0'}"
51,7,2020-03-25,"{'reply': '조언 감사합니다.. 우선 독학은 하면서 학교수업을 듣지 않으려고 해봤던 첫번째 이유는 산공전공과 프로그래밍 둘 다 듣다가 학점 낮아질까봐 이구요,, 말씀하신 대로 가장 무엇을 먼저 할지 정하는게 어렵네요 ㅠㅠ 프로그래밍이 맞는지 안맞는지는 공부를 본격적으로 시작해보아야 아는 거겠죠? it쪽도 개발뿐만 아니라 다른 부분도 많다던데 그쪽도 알아봐야 할 것 같습니다. 감사합니다.', 'thread': '1-1'}"
52,7,2020-03-25,"{'reply': 'https://open.kakao.com/o/gfwAjq5bIt관련 고민이신 분들 대상으로 이야기 나누는 방입니다편하게 와주세요~~! 정보 나눠요!!', 'thread': '2-0'}"
53,7,2020-03-25,"{'reply': '산업공학과이면 대외활동으로 FIELD를 강력 추천드립니다!', 'thread': '1-0'}"
54,7,2021-01-06,"{'reply': '댓글 감사합니다! FIELD ENGINEER 말씀하시는거 맞으시죵?', 'thread': '1-1'}"
55,7,2021-01-06,"{'reply': '코딩공부요, 빅데이터의 경우 현재 석사 필수라 석사 할거 아니면 코딩으로 sw개발로 입사 위 그쪽으로 배정 받는게 낫습니다.', 'thread': '2-0'}"
56,7,2021-01-06,"{'reply': '산공이 공기업길이 없어서 그렇지 사기업은 갈수있는  직무가 많습니다', 'thread': '1-0'}"
57,7,2019-05-15,"{'reply': '자격증만 있으면 어디든 갈 수 있어요~~', 'thread': '2-0'}"
58,7,2019-05-15,"{'reply': '사기업은 자리 찾기쉬워요.. SCM쪽이나 품질/물류/생산 쪽으로 반현장직이 주로 많지만요', 'thread': '3-0'}"
59,7,2019-05-15,"{'reply': '지금은 취엊하셧나요??', 'thread': '4-0'}"
60,7,2019-05-15,"{'reply': '아니욬ㅋㅋㅌㅋ큐ㅠㅠ 포스코 씨제이 다 서류탈해서 다른곳 적고있습니다 ㅠㅠ', 'thread': '4-1'}"
61,7,2019-05-15,"{'reply': '단미언니산업공학으로 편잊을 할려고 하는데 취엊이 잘안되나요?? 전공은기계입니다......(너무 어려워서)', 'thread': '4-2'}"
62,7,2019-05-15,"{'reply': 'eptt20단언컨데 기계보다는 취업 범위가 적을거에요 그래도 잘 준비한 사람들은 잘 가더라구요 화이팅입니다 ㅎㅎ', 'thread': '4-3'}"
63,7,2019-05-15,"{'reply': '저도 산공과 출신인데, 품질기사말고 CQE 준비하시고.....음...물류쪽은 제 지인들봐도 거의 없습니다. \n산공과에서 물류관련 로지스틱스 배우기는 하는데, 딱히.....메리트가 없는 것 같아요 ㅎ', 'thread': '1-0'}"
64,7,2019-08-19,"{'reply': 'SCM쪽으로 많이 가시지 않나요?????', 'thread': '2-0'}"
0,7,2021-06-08,25살여/인서울하위권 산업공학과/물류무역직무
1,7,2019-05-06,산업공학과 진로 상담 부탁드릴게요...
2,7,2021-04-29,26/여/산업공학과 도움 주세요ㅜㅠ!
3,7,2017-11-28,산업공학과 빅데이터
4,7,2020-05-05,산업공학과 진로고민 있어요ㅠㅠ
5,7,2019-02-11,산업공학과
6,7,2020-03-25,산업공학과 진로고민입니다 ㅠㅠㅠㅠㅠ
7,7,2019-08-06,산업공학과 1학년 남자 여름방학에 뭐할까요
8,7,2020-04-17,산업공학과 이신분?
9,7,2019-01-29,산업공학과 2학년 대학생은 어떤 활동을 해야할까요?
10,7,2019-08-13,산업공학과인데 진로가 걱정이에요
11,7,2021-06-27,24여/산업경영공학과 데이터 분석쪽으로 가고싶은데 많이 알려주세요!
12,7,2019-02-24,산업공학과 자격증
13,7,2019-03-14,26살 남 산업공학과 대학원 진학 고민중..평가부탁드립니다
14,7,2021-03-02,공대 산업공학과 여자는 어떤 직무 많이들 가시나요
15,7,2020-04-17,산업공학과 분들 직무 뭐준비하세요?
16,7,2020-07-09,산업공학 it
17,7,2021-06-08,"★스펙에 대한 평가와 조언을 해주세요:)   ※게시글 제목에 '원하는 직무'를 포함하면, 좀 더 구체적인 조언을 받을 수 있습니다:) ... 더보기








☑️자신의 스펙 ​​1. 학교 및 전공 :  한서삼 산업공학과/ 컴퓨터과학(부)​2. 학점 :  3.5 / 4.5​​​3. 어학점수 :  토익 895 / HSK4급 232점​​​4. 경력사항 :  맥도날드 알바 5년​​​5. 기타스펙 :  국제무역사 1급 / 무역영어 1급 / 워드프로세서 1급 / 컴퓨터활용능력 2급​​​☑️가고싶은 기업과 이유, 고민 물류관리사 / HSK 5급 / OPIC 취득 예정​원하는 직무는 무역,물류 로 가고 싶습니다.물류회사로 취업을 하고 싶습니다. 하지만 물류라는 범위가 정말 광범위하고 어떻게 더 준비를 하면 될까해서 조언을 구하고자 합니다. 중견기업 지원이 가능할까요?​​​🔥대외활동 경험으로 인턴 합격했어요! ㄹ[전체공개] 327건 합격자소서 보기 https://bit.ly/3eVb1An​​※회원님들이 남겨주신 콘텐츠 및 게시글의 저작권은 작성자와 스펙업카페에 있으며, 스펙업에서 제작하는 콘텐츠에 활용될 수 있음을 알려드립니다. ​"
18,7,2019-05-06,"안녕하세요지금 부산대학교 산업공학과에 재학중인 2학년 남자입니다.지금은 2학년 1학기까지의 과정을 마치고 군복무를 하고있는데 아직 1년 남짓 남아있습니다.군에 있으면서도 지금부터해서 미래를 설계하고 종착지인 취업까지 생각해볼려고합니다.일단은 아직 어느 기업에 취업을 할지도 못 정했습니다.공기업에 취직할 것인지, 사기업에 취직할 것인지 혹은 개인의 회사를 설립하는지에 대한 결정도 못했습니다.그래서 그런데 어느 기업에 취직하던간에 꼭 필요한 영어,한국사 정도는 군대에서 할려고합니다.산업공학과를 전공으로해서 아마 졸업까지 할껀데 산업공학과의 진로는 어떤게 있을까요?어떤 회사에 취직을 하고 어떤 일을 주로 하는지 궁금합니다....또 제가 개인적으로 제 4차산업혁명의 빅데이터에 관심이 많아서 이와 관련된 분야로 진출하고 싶습니다.그런데 산업공학과라는 저의 전공은 많이 힘들까요?또 이 분야로 진출할려면 어떤 공부를 구체적으로 하는 것이 나을까요?----------------------------▼스펙업 무료자료 이벤트1분 자기소개&면접 꿀TIP 모음한국사능력검정시험 핵심자료집 전원무료배포! ★삼성면접 전 필수!최종합격자 1,007명의 면접전략!▼스펙업 BEST 인기글독일 교환학생 한학기 준비방법&총 생활비2019 겨울방학 대학생 추천 필독 도서 리스트내게 맞는 대외활동 공모전 추천해주는☞링커리어 바로가기※회원님들이 남겨주신 콘텐츠 및 게시글의 저작권은 작성자와 스펙업카페에 있으며,스펙업에서 제작하는 콘텐츠에 활용될 수 있음을 알려드립니다."
19,7,2021-04-29,"★스펙에 대한 평가와 조언을 해주세요:)   ※게시글 제목에 '원하는 직무'를 포함하면, 좀 더 구체적인 조언을 받을 수 있습니다:) ... 더보기








☑️자신의 스펙 ​​1. 학교 및 전공 :  국숭세단 / 산업공학과​​​2. 학점 :  3.6 / 4.5​​​3. 어학점수 :  토익스피킹 lv.6​​​4. 경력사항 :  x​​​5. 기타스펙 :  ​정보처리기사, adsp, sqld빅데이터 교육 6개월, 2개월​​☑️가고싶은 기업과 이유, 고민 ​진로 방황중입니다ㅠㅠ생산, 품질 직무를 쓰기엔 it쪽으로만 준비했고,제가 준비해온 it직무은 신입을 잘 안뽑네요ㅠㅠ도움이 필요합니다!!ㅠㅠ​​​​​​​​※회원님들이 남겨주신 콘텐츠 및 게시글의 저작권은 작성자와 스펙업카페에 있으며, 스펙업에서 제작하는 콘텐츠에 활용될 수 있음을 알려드립니다. ​"
20,7,2017-11-28,산업공학과 2학년 학생입니다. 올 방학부터 데이터 공부를 진지하게 해볼 생각입니다. 현재 현직에 산업공학과 전공자인 빅데이터 직무자가 많이 있는지 알고싶습니다.산업공학과로서 빅데이터로 진출하게 될 시 불이익은 없는지?인턴 모두 광탈하고 이제 방학..(10)면접 탈락..멘탈이 찢어질거 같아요..(18)취준생이라 차였습니다..(22)공대생 여자 최종 면접 탈탈탈 (10)외국계 인줄 알고 입사했는데...(56)갑작스러운 채용 취소 통보...후(96)왜 면접에서 자꾸 떨어 질까요?(43)
21,7,2020-05-05,"안녕하세요!지방대 산업공학과 4학년 재학중입니다. 산공과의 첫 생각은 생산관리쪽에 특화되있는줄 알고 들어왔었는데, 취업쪽으로 눈을 더 돌려보니 산공졸업장으로는 특화되어있는 과가 아니라서 취업이 쉽지 않다는 것을 늦게나마 깨달았습니다 ㅠㅠ물론 산공과에 빅데이터쪽이 조금더 유망하다는 것은 익히 알고있지만 it 쪽은 제 길이 아니라 생각하기 때문에 생산관리 또는 품질관리 쪽까지 생각하고있습니다.1. 회사채용을 보면 생산관리에서도 (ex 화학관련 생산관리 -> 화학공학과 우대) 이런 식으로 비슷한 쪽의 과를 선호하는 것이 맞는지 궁금합니다. 유튜브를 통해 조사해보면 말이 다 달라서 판단하기 어렵습니다ㅠㅠ 혹시 비슷한 정보있으시면 귀뜸정도라도 부탁드릴께요! ㅠ2. 품질관리,경영 쪽도 1번과 비슷한 맥락으로 어떻게 바라보는지 궁금합니다.! 늦었지만 많은 고민하며 준비하려고 노력하고 있습니다. 긴 글 읽어주셔서 감사합니다.현실적인 조언 부탁드릴께요!! 감사합니다.*현타와서 아무것도 못하겠어요.서울로 대학간 애들 보니까(클릭)*시험 3일전에 문자로 취소통보? 항의전화 넣을겁니다(클릭)*취준하다가 차였습니다 여자친구는 바람났네요ㅠ(클릭)*[업뎃완료] 대학생 3학년도 지원가능! 금턴 인턴 리스트 -링커리어[배포중] SK그룹/현대/DB 등 공채 대비 기업핵심분석자료(클릭)NCS 전문가의 서류+필기+면접 완벽케어 받고 합격하기(click)[완전무료]나만을 위한 첨삭! 애니 토스 라이브 스터디!(click)※회원님들이 남겨주신 콘텐츠 및 게시글의 저작권은 작성자와 스펙업카페에 있으며, 스펙업에서 제작하는 콘텐츠에 활용될 수 있음을 알려드립니다."
22,7,2019-02-11,산업공학과 부전공으로 어떤게 좋을까요?
23,7,2020-03-25,"안녕하세요!인서울 중하위권 산업공학과 2학년 끝내고 전역 1년남은 현역 군인입니다. 입시때 산공 지원할때는 경영컨설턴트 보고 지원했습니다. 수시 면접때도 어떠한 문제점에 대해 분석하고 해결책을 제시해서 남들한테 발표하고 내 생각을 이야기하는 것을 좋아한다고, 이런식으로 얘기해서 붙었습니다. 실제로도 프리젠테이션 같은거 좋아하기도 하고요. 그런데 막상 찾아보니 컨설팅 회사는 외국계가 많고, 인서울 중하위권으로는 어려우며, 컨설턴트를 준비한다 해도 학부생 수준에서 어떠한 스펙을 준비해야할지 모르겠습니다.그래서 현재 네이버 유튜브 카페 책 등등 많이 찾아보던 중에 OR쪽으로 가는게 제 적성에 맞다는 생각이 들었습니다. 그런데 찾아보니 학부생으로 (대학원은 갈 생각 아직은 없습니다,,) OR은 어렵다고 하는 것 같더군요. 그래서 남들 많이 가는 뭐 생산관리, 품질관리나 it 등으로 눈을 돌리고 있는데 그나마 눈을 끄는 것은 it인것 같아요. 물론 아직 얇디 얄팍한 지식이지만 아직 복학까지 1년정도 남았으니 it쪽부터 알아보고 준비해보려고 합니다. 1. 저처럼 산업공학과 전공 학부생이 it쪽을 준비한 경우가 그냥 컴공을 준비한 학생들보다 it쪽 지식이 훨씬 부족할 것이라고 예상됩니다. 어떤 식으로 공부를 해 나가야 컴공과 학생들과는 다른 스펙을 만들 수 있을까요?2. 산공 진로 중 한 부분이 데이터를 활용한 부분이라고 들었습니다. it와 밀접한 관련이 있는 것 같은데 산업공학과 입장에서 비슷한 개념이라고 봐도 될까요?3. 2학년때 전공수업으로 java를 배웠는데 인강보고 유튜브 보고 맨날 수업에서도 제일 늦게가며 조교들한테 질문해가며 겨우겨우 A0맞았습니다. 이때 솔직히 코딩 재밌기는 한데 뭔가 내가 창의적인 아이디어가 부족하구나, 이런 생각이 들었습니다.  이런 제가 it쪽을 준비해도 될까요,,,,?4. 학교에서 연계전공으로 프로그래밍쪽을 신청할 수 있는 것으로 알고 있습니다. (자세히 알아봐야 하는 부분이지만) 그냥 제 개인적으로 자격증 준비하는 것처럼 C java R 파이썬 등을 공부하는 게 좋을까요 아니면 복학해서 본격적으로 학교 수업에서도 공부하는 게 좋을까요?5. 아니면 그냥 군생활중에는 닥치고 토익 한국사 이런거나 준비할까요.. 제2외국어도 일본어 or 중국어 중 고민중이긴 합니다. 개인적으로 일본어는 예전에 일본어 선생님이었던 저희 엄마 덕으로 조금 합니다. (JLPT같은 자격증은 아직 없음) 2학년때까지는 남들 다 듣는거 듣고 있었는데 대외활동도 없고 자격증이라고는 초딩때 딴 워드1급과 작년에 딴 컴활1급, 제작년에 토익 850, 학점 3.96(그나마 이게 다행이라고 생각합니다) 밖에 없네요,,산업공학과 과 소개나 전공이 지향하는 목표를 봤을 때 제 성향과는 잘 맞는다고 생각했는데 취업생각하니 쉽지가 않은 것 같습니다. 현실적인 조언 부탁드립니다. ㅜ 감사합니다.*토익 특별접수 하면 안되는 이유(클릭)*딱 16일 공부해서 컴활 1급 땄습니다!(클릭)*틀어진 친구관계, 손절만이 답은 아니네요(클릭)*[최초 공개] 100대 기업 대외활동 리스트 정리 -링커리어*대외활동으로 장관상 받아봤는데 궁금하면 댓글 남겨줘! -링커리어NCS 전문가의 서류+필기+면접 완벽케어 받고 합격하기(click)[완전무료]나만을 위한 첨삭! 애니 토스 라이브 스터디!(click)※회원님들이 남겨주신 콘텐츠 및 게시글의 저작권은 작성자와 스펙업카페에 있으며, 스펙업에서 제작하는 콘텐츠에 활용될 수 있음을 알려드립니다."
24,7,2019-08-06,방학이 어느정도 지나 지금부터 1학기 말까지 무엇을 해야할지 고민입니다. 산업공학과 선배님들은 무엇을 하셨나요?군대는 내년 5월에 갑니다
25,7,2020-04-17,"안녕하세요 산업공학과 3학년에 재학중인 학생입니다.요즘 진로에 대해서 고민이 많네요.... 금융으로 가기에는 길이너무 좁고 it쪽으로 가기에는 컴공에 밀리는거같고...생산관리 밖에 답이없는건지... 후 산공분들은 어떤 직무준비하시나요?*중고신입들 사이에서 서류 떨어졌습니다(클릭)*월 80만원 소기업 다니다가 백수된 28살 취준생(클릭)*32살에 신입으로 취업이 될까요ㅠ(클릭)*ㅈ소 직원이 느낀 도망쳐야하는 중소기업 특징-링커리어*대기업에 못갈 것 같다면, 대기업 계열사를 노리자 -링커리어[배포중] SK그룹/현대/DB 등 공채 기업핵심분석자료(클릭)NCS 전문가의 서류+필기+면접 완벽케어 받고 합격하기(click)(무료)GSAT 온라인 스터디 참여하고 ""해설강의+합격예측+풀이팁"" 무료 받기(click)※회원님들이 남겨주신 게시글의 저작권은 작성자와 스펙업카페에 있으며, 스펙업에서 제작하는 콘텐츠에 활용될 수 있음을 알려드립니다."
26,7,2019-01-29,"산업공학과 2학년 대학생인데, 컴공과의 융합으로 IT 계열이나 빅데이터 부분으로 진출하여 취업을 하고 싶은데 2학년이라면 어떤 활동을 하면 좋을까요?▼스펙업 BEST 인기글컴퓨터 자격증 뭘 따는게 좋은가요? [댓글39개]독일 교환학생 한학기 준비방법&총 생활비2019 겨울방학 대학생 추천 필독 도서 리스트대기업 못지 않은 복지 빵빵한 중소중견기업 리스트※회원님들이 남겨주신 콘텐츠 및 게시글의 저작권은 작성자와 스펙업카페에 있으며,스펙업에서 제작하는 콘텐츠에 활용될 수 있음을 알려드립니다."
27,7,2019-08-13,"산업공학과를 다니고 있는데 막상 취업할 시기가 오닌까 어디로 취업해야할지 모르겠고, 어떤 분야가 부상하는지 아는게 쉽지 않아요ㅜㅜ"
28,7,2021-06-27,"★스펙에 대한 평가와 조언을 해주세요:)   ※게시글 제목에 '원하는 직무'를 포함하면, 좀 더 구체적인 조언을 받을 수 있습니다:) ... 더보기








☑️자신의 스펙 ​​1. 학교 및 전공 :  경기대(수원)/ 산업경영공학과​​​2. 학점 :  4.33/4.5​​​3. 어학점수 :  토익800​​​4. 경력사항 :  연구실 인턴 1년​​​5. 기타스펙 :  정보처리기사, ADsP, 대한산업공학회 대학생 프로젝트 공모전 수상, 해외 어학연수 경험, OPIC시험 예정​​​☑️가고싶은 기업과 이유, 고민 데이터 분석에 관심이 많아서 연구실에서 인턴으로 1년동안 일도 해보았는데요. 딥러닝 모델들 구현해서 적용한 것이 가장 코딩을 많이 했던 경험이었습니다. 연구실 아니여도 학과 특성상 프로젝트도 많이 해서 코딩은 계속했었습니다.그런데 과연 이정도만 하고 적성시험과 면접을 통과할 수 있을 지 고민되고 4학년 1학기 마쳤는데 뭘 더 해야할 지 모르겠습니다. 기업은 그래도 좋은 곳으로 가고싶어서요.. 저희 과에서는 품질이나 생산쪽을 많이 가서 데이터쪽은 어떻게 준비해야할지 모르겠습니다.ㅠㅠ 많은 조언들 부탁드립니다ㅠㅠ​​​​​🔥대외활동 경험으로 인턴 합격했어요! [전체공개] 327건 합격자소서 보기 https://bit.ly/3eVb1An​​※회원님들이 남겨주신 콘텐츠 및 게시글의 저작권은 작성자와 스펙업카페에 있으며, 스펙업에서 제작하는 콘텐츠에 활용될 수 있음을 알려드립니다. ​"
29,7,2019-02-24,"과가 산업공학과인데, 유통관리사랑 물류관리사 자격증이 조금이라도 도움이 될지 모르겠네요!준비해보는것도 나쁘지않나요?▼스펙업 무료자료 이벤트대학생 입사 선호도 TOP5 기업 합격전략집▼스펙업 BEST 인기글컴퓨터 자격증 뭘 따는게 좋은가요? [댓글39개]독일 교환학생 한학기 준비방법&총 생활비2019 겨울방학 대학생 추천 필독 도서 리스트대기업 못지 않은 복지 빵빵한 중소중견기업 리스트※회원님들이 남겨주신 콘텐츠 및 게시글의 저작권은 작성자와 스펙업카페에 있으며,스펙업에서 제작하는 콘텐츠에 활용될 수 있음을 알려드립니다."
30,7,2019-03-14,"※게시글 제목에 '원하는 직무'를 반드시 포함시켜주세요. 더 좋고 많은 댓글 조언을 받을 수 있습니다!자신의 스펙1. 학교 및 전공경기도 중위권 사립대학/산업경영공학/ / 졸업함2. 학점 4.12 (전공학점 4.28) 3. 어학점수토익 780 / 토스 6 level4. 경력사항두산중공업 외부참여연구원소속 국가과제 연구(국토교통과학기술진흥원) 1년 참여육군종합군수학교 차량경로문제해결 연구 참여(4개월) 교내 3D프린터 실습조교 2년중고등학교 및 소년원 수감자 대상 3D프린팅 교육강사 8회 ( 30시간)5. 기타스펙대한산업공학회 대학생 프로젝트 경진대회 은상 수상 (인간공학 분야)  한국시뮬레이션학회 학술대회 우수논문 채택 (데이터분석 산업응용 분야)엑셀 VBA 상위실력, C# 코딩 중급자수준, 컴퓨터 하드웨어 관련 지식 매우높음, 3D프린터 관련 지식 높음가고싶은 기업과 이유, 고민에스엘 / R&D / 신뢰성관련 연구 현재 가진 스펙으로 취업준비를할지.. 대학원을 진학해야할지 매우고민중입니다.사실 결국 선택은 저겠지만 제가 목표하는곳은 중견급이상 R&D부서인데 사실 R&D부서는 석사급이상이 채용된다고 들었습니다. 대학원을 진학하는게 맞는걸까요?솔직히..안가고 취업노릴 수 있다면 안가고싶습니다. 제가어느정도 수준이되는지 냉철하게 평가부탁드립니다.참고로 토익은 더이상 못올리겠습니다. 한계를 느껴서 더하다가는 시간낭비일 것 같습니다.ㅇ스펙을 보시면 아시겠지만 제가 가려는분야는 R&D 신뢰성쪽인데 신뢰성관련 직무역량은 두산중공업 과제이고 그외는 신뢰성과는 관련없는 경험과 스펙입니다. 물론 제가 어떻게 자소서를 쓰냐에따라 다르겠지만 크게연관성은 없습니다. 솔직히 스펙이 중구난방입니다. 19 상반기 '삼성' 자소서 작성법 강의가 무료?!※회원님들이 남겨주신 콘텐츠 및 게시글의 저작권은 작성자와 스펙업카페에 있으며,스펙업에서 제작하는 콘텐츠에 활용될 수 있음을 알려드립니다."
31,7,2021-03-02,"​​생산, 품질관리, 데이터 분석쪽에 흥미가 있긴한데 생산 품질은 여자가 가기 쉽지 않다는 말이 많아 고민이네요ㅜ​​​🍑스펙업에서 소통잘한 회원에게 네이버페이 10만원 드려요. https://bit.ly/3r7Lg3F​​​​🚨대학생 베스트 인기글🚨 ​​스펙쌓기 좋은 대학생 알바는 이런게 있음! ▶ https://vo.la/IpFtw​​첫 취준! 삼성 하나만 서류붙고 최종합격!ㅎ ▶ https://bit.ly/3c5MpBX​​대외활동 붙었는데, 가기가 좀 많이 꺼려집니다 ▶ https://vo.la/xglzH​​소득 분위 안보는 장학금 지급 대외활동리스트 - 링커리어 ▶https://bit.ly/3lzaxRW​​​​​※회원님들이 남겨주신 콘텐츠 및 게시글의 저작권은 작성자와 스펙업카페에 있으며, 스펙업에서 제작하는 콘텐츠에  활용될 수 있음을 알려드립니다."
32,7,2020-04-17,"생산관리로 많이 가긴하는데 it쪽으로도 가고싶어서 고민이네요 다들 지금 어떠세요?*중고신입들 사이에서 서류 떨어졌습니다(클릭)*월 80만원 소기업 다니다가 백수된 28살 취준생(클릭)*32살에 신입으로 취업이 될까요ㅠ(클릭)*ㅈ소 직원이 느낀 도망쳐야하는 중소기업 특징-링커리어*대기업에 못갈 것 같다면, 대기업 계열사를 노리자 -링커리어[배포중] SK그룹/현대/DB 등 공채 기업핵심분석자료(클릭)NCS 전문가의 서류+필기+면접 완벽케어 받고 합격하기(click)(무료)GSAT 온라인 스터디 참여하고 ""해설강의+합격예측+풀이팁"" 무료 받기(click)※회원님들이 남겨주신 게시글의 저작권은 작성자와 스펙업카페에 있으며, 스펙업에서 제작하는 콘텐츠에 활용될 수 있음을 알려드립니다."
33,7,2020-07-09,산업공학과 분들 중 it쪽 희망하시는분들은 어떤직무로 준비중이신가요? 거의 개발자쪽 이시려나요..?
34,7,2021-06-08,"{'reply': '최근에 네이버 쇼핑 물류서비스 기획 지원 마감 됐었는데 네이버 쇼핑 물류는 자소서 없고 물류 관련 질문들로 이루어져있어서 물류 관련 지식이 있으면 작성가능한 곳이었는데 지원하셨는지 모르겠지만 말입니다.', 'thread': '1-0'}"
35,7,2021-06-08,"{'reply': '화이팅하십쇼..!', 'thread': '2-0'}"
36,7,2021-06-08,"{'reply': '무료 물류멘토링 하고 있습니다. 관심있으시면 하기 메일로 카톡 ID 남겨주세요 도와드릴게요 brandnew0214@naver.com', 'thread': '3-0'}"
37,7,2019-05-06,"{'reply': '개인적으로는 산업공학과와 빅데이터는 맞진 않아보이지만.. 그쪽으로 관심을 가지시고 알아보시면 분명한 강점은 되겠죠 !', 'thread': '1-0'}"
38,7,2019-05-06,"{'reply': '산업공학과 빅데이터와 잘 맞습니다. 요즘 인공지능,빅데이터 쪽 뽑은 우대조건 보면 산업공학과 출신 많이 뽑습니다. 그런데 아직까지는 TO가 많지는 않네요...', 'thread': '2-0'}"
39,7,2019-05-06,"{'reply': '물류쪽으로도 많이 오는듯해요', 'thread': '3-0'}"
40,7,2019-05-06,"{'reply': '산업공학과 졸업하고 현재 장교복무중인 사람입니다.\n사실 산업공학과는 분야를 가리지 않고 모든 분야에 진출할 수 있다는게 장점이자 단점이에요.\n자신이 원하는 분야를 정해서 그 분야를 계속해서 파고 노력하는게 그만큼 중요합니다.\n\n생각보다 기업에서 요즘 산업공학과 우대를 많이 해주고 있어요.\n산업공학과만 뽑는 기업도 있구요!\n\n자신감 가지고 도전하세요!\n개인적으로 제가 지원하려는 직무는 제일기획의 디지털기획 직무인데,\n산업공학과, 통계학과, 컴퓨터공학과만 뽑는답니다!', 'thread': '4-0'}"
41,7,2019-05-06,"{'reply': '안녕하세요  ㅋㅋ 저도 부대산공 11학번 입니당~ 현재 서울에서 머신러닝 엔지니어로 일한지 1년차구요~ 혹시 궁금한게 많으시면 연락주세요~ ^^', 'thread': '5-0'}"
42,7,2019-05-06,"{'reply': '어 선배님 안녕하세요!!', 'thread': '5-1'}"
43,7,2019-05-06,"{'reply': '제가 나중에 정리해서 여쭈어봐도될까요?', 'thread': '5-2'}"
44,7,2021-04-29,"{'reply': 'it대기업은 원래 신입 잘 안 뽑아요스타트업 쪽으로 돌아가시는 것도 추천드려요', 'thread': '1-0'}"
45,7,2021-04-29,"{'reply': '데이터분석을 뽑는 회사들은 그직무를 지원하고 안뽑는 회사들은 품질쪽으로 지원하세요', 'thread': '2-0'}"
46,7,2021-04-29,"{'reply': '저랑 같은 학교 같은 과 같은데 스펙도 저랑 비슷하네요 저도 고민입니다ㅜ', 'thread': '3-0'}"
47,7,2021-04-29,"{'reply': '그래도 교육을 오래 받으셨네요~', 'thread': '4-0'}"
48,7,2021-04-29,"{'reply': '괜찮은 것 같아요', 'thread': '5-0'}"
49,7,2021-04-29,"{'reply': '안녕하세요 숭실대 산공과 3학년입니다 혹시 상담 가능하신가요?ㅠㅠㅠ', 'thread': '6-0'}"
50,7,2017-11-28,"{'reply': '제가 공고 좀 봤는데 통계와 산공을 많이 뽑는 것 같았어요. 불이익은커녕 오히려 플러스 요인 같으세요~ 2학년 부럽네요ㅎㅎ', 'thread': '1-0'}"
51,7,2017-11-28,"{'reply': '저도 산공과 2학년이고 빅데이터에 관심이많습니다 하지만 전공에서 빅데이터관련 과목으로 c언어 데이터베이스 공학통계 이정도 배웁니다.. 그래서 걱정이많습니다ㅠㅠㅠㅠ\n작성자분의 학교전공에서는 빅데이터관련 과목으로 무엇을 배우고있는지 궁금합니다ㅠㅠㅠ', 'thread': '2-0'}"
52,7,2017-11-28,"{'reply': '저희 학교는 빅데이터 분석이라는 과목이 있어요. 아직 들어보진 않았지만 주로 sas이용해서 한다고 하더라고요  그 과목 이외에는 R,자바,통계 뭐 이정도 다루는거 같아요!\n소프트웨어 많이 배우긴하는데 선배들 보니까 주로 제조쪽으로 많이가시더라구요...  생산관리 품질관리 유통 이쪽으로요', 'thread': '2-1'}"
53,7,2017-11-28,"{'reply': '찬으저의 학과선배들도 생산,품질,유통쪽으로 많이 취업하시더라구요ㅠㅠㅠㅠ 답변 감사합니다!!', 'thread': '2-2'}"
54,7,2020-05-05,"{'reply': '산업공학과는 품질관리 생산관리 it 다 취업 가능해요. 저도 산공출신이고 생산관리하고 있습니다.', 'thread': '1-0'}"
55,7,2020-05-05,"{'reply': '실례가 안된다면 어느 분야쪽 생산관리 인지 여쭤봐도 될까요...?!', 'thread': '1-1'}"
56,7,2020-05-05,"{'reply': '답변 감사합니다!! 혹시 남들과 다른 스펙이 있으셨을까요 ..?', 'thread': '2-1'}"
57,7,2020-05-05,"{'reply': '답변 정말감사합니다!! 더 열심히 노력해보겠습니다! 감사합니다', 'thread': '2-2'}"
58,7,2020-05-05,"{'reply': '혹시.. 생산관리 관련해서 정보는 어떻게 얻으셨는지 여쭤봐도 될까요 ???', 'thread': '2-3'}"
59,7,2020-05-05,"{'reply': '저랑 상황이 똑같으시네요 ㅠㅠㅠ 저도 품질관리 분야를 노렸지만, 교수님께서 여자는 취직하기 힘들거라고 오늘 말씀하셔서 씁쓸하네요 ㅠㅠㅠ', 'thread': '3-0'}"
60,7,2020-05-05,"{'reply': '혹시 지금은 어느 분야 생각하시는지 여쭤봐도 될까요?', 'thread': '3-1'}"
61,7,2020-05-05,"{'reply': '공고 찾아보면 산공 안써있는데가 많더라고요... 그래도 산공써있는데도 많으니 희망을 가져요!!', 'thread': '4-0'}"
62,7,2020-05-05,"{'reply': '산공 막막하죠..', 'thread': '5-0'}"
63,7,2020-05-05,"{'reply': '컴공, 전자 가즈아!', 'thread': '1-0'}"
64,7,2019-02-11,"{'reply': '어디분야로 가는지에 따라 다를거 같아요', 'thread': '2-0'}"
65,7,2019-02-11,"{'reply': '제 주변보면 경영학과랑 복수전공 많이 하더라구요!', 'thread': '3-0'}"
66,7,2019-02-11,"{'reply': 'Sw역량 필요한쪽이면 보통 컴공 많이 하더라구요 데이터분석 머신러닝 요즘 핫하잖아요', 'thread': '4-0'}"
67,7,2019-02-11,"{'reply': 'SW계열이요', 'thread': '5-0'}"
68,7,2019-02-11,"{'reply': '원하시는 분야로 하세요\n컴공 애매하게 건드리면 천직인 사람들 못이기더라구요', 'thread': '6-0'}"
69,7,2019-02-11,"{'reply': 'sw, 컴공 분야를 못한게 저도 한이되더라구요 ㅠㅠ', 'thread': '7-0'}"
70,7,2019-02-11,"{'reply': '개인적으론, 컴공 or 통계를 추천드려요 ㅎㅎ', 'thread': '8-0'}"
71,7,2019-02-11,"{'reply': '복전해도 좋을것같아요 화이팅', 'thread': '9-0'}"
72,7,2019-02-11,"{'reply': 'sw계열이 좋을듯해요', 'thread': '10-0'}"
73,7,2019-02-11,"{'reply': '저랑 같은 케이스이신 것 같아서 반갑네요. 산공에서 배우는 OR은 여러 제약조건식 환경에서 목적함수를 최적화하기위해 배우는 과목인데요. 여러 프로그래밍 알고리즘이 OR에서 파생된 것들이 많아서 데이터와 산공이 연결된다는 뜻입니다.\njava가 가장 범용성이 넓고, R과 파이썬은 통계분석에 유용한 언어입니다. 각 언어마다 용도별 장단점이 있습니다.\nIT라고해서 무조건 프로그래밍을 잘해야하는건 아닙니다. 이쪽 업계에도 기획자부터 개발자, 컨설턴트까지 여러 직종이 있습니다.', 'thread': '1-0'}"
74,7,2020-03-25,"{'reply': '답변 감사합니다! 제가 너무 시야를 좁게 봤던 것 같아요. it면 무조건 프로그래밍 개발이 주라고 생각했는데 그 외의 분야도 있다니 더욱 더 알아봐야 할 것 같습니다. 같은 케이스라고 하시니 제가 더 반갑네요 ㅎㅎ 혹시 님께서는 어느쪽을 생각하고 계시는지 여쭤봐도 될까요??', 'thread': '1-1'}"
75,7,2020-03-25,"{'reply': '쿠키스틱저는 현직자입니다ㅎㅎ 닉네임을 안바꾼지 오래됫네요... 저는 기획쪽에 있습니다.', 'thread': '1-2'}"
76,7,2020-03-25,"{'reply': '어드바이저아아 선배님이셨네요 ㅎㅎㅎ 제가 본문에 썼듯이 처음 산공 면접볼 때 문제점 꼬집고 제 생각 말하기를 좋아해 컨설턴트가 되고싶다고 하여 들어왔습니다. 윗댓에 컨설턴트가 눈에 띄는데 혹시 말씀하신 it쪽 컨설턴트는 어떤것부터 준비해야 할까요..??', 'thread': '1-3'}"
77,7,2020-03-25,"{'reply': '쿠키스틱정보시스템 구축 전에 it컨설턴트가 ISP(정보전략계획) 기획보고서를 작성합니다. it컨설턴트가 코딩 개발을 안한다뿐이지, 세부적인 원리는 다 알고잇어야합니다. 학교 수업 외에 클라우드, 운영체제, 데이터마이닝 등등 다양한 it서적을 읽어보길 바랍니다.', 'thread': '1-4'}"
78,7,2020-03-25,"{'reply': '어드바이저,, 말씀 들어보니 역시 프로그래밍부터 건드려 보겠습니다,, 답변 감사합니다!!', 'thread': '1-5'}"
79,7,2020-03-25,"{'reply': '독학만이 아닌 실질적 복전을 할 것이라면 무조건 미리 공부할 생각 하고 있습니다. it로 정했다면 휴학도 생각하고 있구요. 답변 감사합니다.', 'thread': '2-1'}"
80,7,2020-03-25,"{'reply': '쪽지드립니다', 'thread': '3-0'}"
81,7,2020-03-25,"{'reply': '저도 인서울 중위권 산공학생인데 지금 저와 똑같은 고민하셔서 놀랐네요 저도 나이도 있는많큼 대학원 생각안하고 바로 취업생각중인데 진로에대해서 요즘고민이 많네요 후 ...', 'thread': '4-0'}"
82,7,2020-03-25,"{'reply': '비슷한 케이스를 또 뵙게 되어 반갑네요 ㅠㅠ 저는 그냥 현역이라 아직 나이가 많은편은 아닌데 댓쓰니님은 어느쪽 생각하고 계신가요??', 'thread': '4-1'}"
83,7,2020-03-25,"{'reply': '쿠키스틱저는 it쪽생각중입니다 혹시 어디학교다니세요?', 'thread': '4-2'}"
84,7,2020-03-25,"{'reply': '메론사건동홍 라인입니다..', 'thread': '4-3'}"
85,7,2020-03-25,"{'reply': '제 주위에도 보면 비전공자가 it쪽으로 넘어오신분이 많아요.. 대부분 국비지원 교육 신청해서 듣고 취업하시더라구요..\n물론 it관련 학과 전공해도.. 교육 듣고 취업하는사람들도 많아서..\n차이는 많이 없다고 봅니다 ㅎ\n결론은 본인이 노력하고 관심있으면 하는것같습니다!', 'thread': '5-0'}"
86,7,2020-03-25,"{'reply': '답변 감사합니다! 혹시 하나만 더 여쭤봐도 될까요? 비전공자가 it쪽으로 눈돌릴경우 프로그래밍 외에 어느쪽으로 많이 가나요???', 'thread': '5-1'}"
87,7,2020-03-25,"{'reply': '너무 제 얘기 같아서 놀랬네요...품질부서쪽으로 가야할지 IT쪽으로 가야할지 저도 고민입니다..', 'thread': '6-0'}"
88,7,2020-03-25,"{'reply': '저와 비슷한 고민이네요. 데이터쪽 다들 힘들다고 하는데 다들 그쪽으로 가는거 보니 저도 데이터쪽으로 가야하나 관리직무로 가야하나 고민중이에요ㅠㅠ', 'thread': '7-0'}"
89,7,2020-03-25,"{'reply': '놀아요...', 'thread': '1-0'}"
90,7,2020-03-25,"{'reply': '너무 여행만 다녀서요ㅠ', 'thread': '1-1'}"
91,7,2019-08-06,"{'reply': '1학년이라면 대외활동이라던가 ㅠㅠㅠ 놀 수 있을때 노는게 낫다고 생각해요', 'thread': '2-0'}"
92,7,2019-08-06,"{'reply': '대외활동은 군대갔다와서 많이하나요??ㅠ', 'thread': '2-1'}"
93,7,2019-08-06,"{'reply': '감사합니다', 'thread': '3-1'}"
94,7,2019-08-06,"{'reply': '무조건 여행 다니면서 견문 넓히는 거 추천 ㅋㅋ 아니면 토익만 준비해서 카투사 한 번 써보세여', 'thread': '4-0'}"
95,7,2019-08-06,"{'reply': '유럽도 가고 국내여행도 많이갔어요', 'thread': '4-1'}"
96,7,2019-08-06,"{'reply': '그러면 스스로 전공이나 직무에 대해 탐색해보세요', 'thread': '4-2'}"
97,7,2019-08-06,"{'reply': '흘러들어온물ㅠㅠ 어렵네요 감사합니다', 'thread': '4-3'}"
98,7,2019-08-06,"{'reply': '사실 1학년 어렵죠ㅠㅠ 인턴도 1학년은 가망이 없고, 대외활동도 내세울 특기가 없으면 공대생은ㅠㅠㅠ 여행 많이 다녀왔다고 하시니 엑셀이나 포토샵, 베가스 같은 컴퓨터 프로그램 배우는거 추천드려요! 영상편집이나 포토샵 능력 있으면 대외활동 합격이 훨씬 유리해지더라구요!', 'thread': '5-0'}"
99,7,2019-08-06,"{'reply': '감사합니다 영상편집 쪽으로 해보려구요!\n여행갔을 때 여행마다 영상으로 남겨서 추억거리로 삼고싶다는 생각은 했는데 ㅎㅎ 조언감사합니다', 'thread': '5-1'}"
100,7,2019-08-06,"{'reply': '대외할동을 하시거나 미리 취업 관련 계획을 짜보세요. 특히 군대에서 뭘할지 꼭 정해보세요.', 'thread': '6-0'}"
101,7,2019-08-06,"{'reply': '대외활동! 많은 활동들이있어서 좋아하는분야 찾을 수 있을거에요 ㅎㅎㅎ하고싶은거 찾아보면좋겠어요', 'thread': '7-0'}"
102,7,2019-08-06,"{'reply': '제 친구도 산공나왔는데 IT쪽이 황금시장이라 준비할거라고 코리아IT아카데미인가에서 공짜로 학원 다니면서 공부하더니 \n교육끝나면서 취업연계받아서 돈 많이벌더라구요 부럽ㅠㅠ 노력의 결실인가..\nkoreaitcom.com 주소인데 들어가셔서 알아보셔요\n네이버 폼도 있으니 알아보셔요 naver.me/GKmTg3kH', 'thread': '1-0'}"
103,7,2019-08-06,"{'reply': '저도 같은 고민중인데 저는 기획, 마케팅 직무 생각하고 있어요', 'thread': '2-0'}"
104,7,2019-08-06,"{'reply': 'R을 이용한 데이터 분석 공모전이나 스스로 공공데이터에서 데이터 가져와서 분석해보세요~아니면 앱을 만들어보셔도 좋은거같아요', 'thread': '1-0'}"
105,7,2020-04-17,"{'reply': '공모전찾아봐서 해당되는거 도전해보세요', 'thread': '2-0'}"
106,7,2020-04-17,"{'reply': 'IT계열과 빅데이터는 많이 달라요.\n빅데이터는 통계(수학)를 주로 공부하셔야되고\nIT는 프로그래밍 쪽을 공부하셔야 될 것 같아요', 'thread': '3-0'}"
107,7,2019-01-29,"{'reply': '공모전도 좋은데 개인적인 실력향상도 중요한 시기인거같아요', 'thread': '4-0'}"
108,7,2019-01-29,"{'reply': '교수님들이랑 면담해보는것도 좋은방법이에요!', 'thread': '1-0'}"
109,7,2019-01-29,"{'reply': '교수님들과 대화를 해봤는데 대부분 토익관련해서 이야기만 하고 아니면 대학원 진학하라고 말씀하시더라구요', 'thread': '1-1'}"
110,7,2019-01-29,"{'reply': '저도 산공인데 정말 막막해요 ㅜㅜ 워낙 진로가 다양하다보니 그 안에서 제게 맞는 진로를 찾아 설계하는게 쉽지않더라구요', 'thread': '2-0'}"
111,7,2019-08-13,"{'reply': '4학년 2학기인데 적성검사를 하는게 좀 늦은거겠죠?', 'thread': '2-1'}"
112,7,2019-08-13,"{'reply': '선배분들 중에 취업하신 분 계시면 선배분께 연락해서 물어보는게 어떨까요!?', 'thread': '3-0'}"
113,7,2019-08-13,"{'reply': '산업공학과면 현장공무나 건설직 제조업 많이 갈수 있지않나요? 저는 제조업 가고싶어서 산업안전기사도 취득중입니다', 'thread': '4-0'}"
114,7,2019-08-13,"{'reply': 'ㅜ 선배들이나 교수님 상담해보셔요', 'thread': '5-0'}"
115,7,2019-08-13,"{'reply': '저도 산공과로 데이터쪽으로 가려고 하고 있어요근데 아무래도 대학원 진학을 안하면 사이언티스트쪽은 어려운거 같아요대학원 진학을 안할거면 공모전이나 데이터 관련 활동을 하는게 좋아보입니다!', 'thread': '1-0'}"
116,7,2019-08-13,"{'reply': '감사해요!!ㅠㅠ 혹시 대학원진학하시나요?', 'thread': '1-1'}"
117,7,2019-08-13,"{'reply': 'sheeey아니요! 바로 취업하려고 준비하고 있습니다', 'thread': '1-2'}"
118,7,2021-06-27,"{'reply': '음 우선 공모전 지원해보시고 수상경력과 프로젝트 경험 쌓으셔야 할 것 같고요, 포스텍 AI/빅데이터 캠프 같이 빡세게 직무관련 교육하는 곳 지원해보시는 것도 좋을 것 같아요', 'thread': '2-0'}"
119,7,2021-06-27,"{'reply': '정말 감사해요!!ㅠ 데이터 캠프 한번 찾아봐야겠네요!', 'thread': '2-1'}"
120,7,2021-06-27,"{'reply': '산업공학 쪽이면 유통이나 물류는 거리가 좀 있어 보여요! 산업안전기사 자격증 응시해서 취득하는게 제일 좋을 것 같은데요!', 'thread': '1-0'}"
121,7,2021-06-27,"{'reply': '산업공학이 유통이나 물류쪽이고 산업안전기사는 산업안전공학과로\n엄연히 다루는 분야가 다릅니다', 'thread': '1-1'}"
122,7,2021-06-27,"{'reply': '이세상의날개물류관리라는 전공과목도 있던데, 물류관리사 있는것도 괜찮겟쥬 ?', 'thread': '1-2'}"
123,7,2019-02-24,"{'reply': 'Grooovy흔히 scm으로 불리는건데 물류, 유통 빠질 생각 있으시면 따셔야합니당', 'thread': '1-3'}"
124,7,2019-02-24,"{'reply': '산업안전기사나 산업위생기사가 제일 좋을거 같아요!', 'thread': '2-0'}"
125,7,2019-02-24,"{'reply': '왜 그렇죠?? 수요가 많아서그런가요?', 'thread': '2-1'}"
126,7,2019-02-24,"{'reply': '물류관리사면 하시면 됩니다! 유통은 크게 메리트 없어요. 관련 직무경험을 쌓아보새요!', 'thread': '3-0'}"
127,7,2019-02-24,"{'reply': '둘다 있으면 나쁘지 않을것같네요', 'thread': '4-0'}"
128,7,2019-02-24,"{'reply': '정보처리기사 어떠신가요', 'thread': '5-0'}"
129,7,2019-02-24,"{'reply': '충분히 가능하실거 같은데,,,', 'thread': '1-0'}"
130,7,2019-02-24,"{'reply': '좋은 스펙이네요', 'thread': '2-0'}"
131,7,2019-02-24,"{'reply': '에스엘 신입사원들 R&D부서 학사생 많아요', 'thread': '3-0'}"
132,7,2019-03-14,"{'reply': '안녕하세요 현직 에스엘 신뢰성연구센타 직원인데요 못오실 이유가 전혀 없는데..', 'thread': '4-0'}"
133,7,2019-03-14,"{'reply': '품질쪽은 여성들의 꼼꼼한 성향을 우대한다고 합니다', 'thread': '1-0'}"
134,7,2019-03-14,"{'reply': '저도 산업공학과 여자 학생인데 생산관리나 품질관리 생각하고 있습니다. 주위에서 들어보면 오히려 이 쪽 분야에서 여자들을 선호한다고 합니다.', 'thread': '2-0'}"
135,7,2019-03-14,"{'reply': '여자분들은 품질 쪽 많이 들어가더라구요!', 'thread': '3-0'}"
136,7,2021-03-02,"{'reply': '제가 봐도 품질쪽이여 !', 'thread': '4-0'}"
137,7,2021-03-02,"{'reply': '데이터분석이요', 'thread': '1-0'}"
138,7,2021-03-02,"{'reply': '제가아는 지인분도 IT쪽 간다고 자격증 여러개 땃는데 면접 가서도 지식만 있고 실무에 투입하기 힘들다고 다 떨어졌대요. \n참 웃기죠... 그러더니만 더 배워서 대기업(?) 간다고 코리아IT아카데미인가에서 공짜로 학원 다니면서 공부하더니 \n교육끝나면서 취업연계받아서 돈 많이벌더라구요 부럽ㅠㅠ 노력의 결실인가..\nkoreaitcom.com 주소인데 들어가셔서 알아보셔요\n네이버 폼도 있으니 알아보셔요 naver.me/GKmTg3kH', 'thread': '2-0'}"
139,7,2021-03-02,"{'reply': 'it 전략, 기획 분야, 정보시스템 운영으로 정보처리기사 우대하는 직무 찾고있어요!', 'thread': '1-0'}"
140,7,2020-04-17,"{'reply': '보통은 정보처리기사를 먼저 획득을해서 많은 곳을 다방면으로 지원을 하는 것 같더라구요!산업공학이라고 해도 회사마다 사용되는 것이 다르기 때문인 것 같아요', 'thread': '2-0'}"
141,7,2020-04-17,"{'reply': '데이터 분석 업무도 할 수 있어요', 'thread': '3-0'}"
